{
  "checkpoint": "runs/v5b/best.pt",
  "val_images": 1161,
  "ap_iou": 0.5,
  "conf_threshold": 0.05,
  "nms_iou": 0.5,
  "mAP": 0.6547059312393159,
  "overall_mean_iou_tp": 0.9231195162045446,
  "per_class": {
    "t": {
      "AP": 0.6668608037274316,
      "precision": 0.75,
      "recall": 0.6818181818181818,
      "num_gt": 22,
      "num_pred": 20,
      "mean_iou_tp": 0.9353037179158865
    },
    "t1": {
      "AP": 0.6859790487971614,
      "precision": 0.8145363408521303,
      "recall": 0.7111597374179431,
      "num_gt": 457,
      "num_pred": 399,
      "mean_iou_tp": 0.91835871874936
    },
    "t2": {
      "AP": 0.5839944064093533,
      "precision": 0.7626970227670753,
      "recall": 0.6279740447007931,
      "num_gt": 1387,
      "num_pred": 1142,
      "mean_iou_tp": 0.9138405545156055
    },
    "t3": {
      "AP": 0.0,
      "precision": 0.0,
      "recall": 0.0,
      "num_gt": 3,
      "num_pred": 0,
      "mean_iou_tp": null
    },
    "paragraph": {
      "AP": 0.8682294148218647,
      "precision": 0.8837011884550084,
      "recall": 0.8802850930176371,
      "num_gt": 8278,
      "num_pred": 8246,
      "mean_iou_tp": 0.9413145324144047
    },
    "author": {
      "AP": 0.7573112585888057,
      "precision": 0.8461538461538461,
      "recall": 0.8048780487804879,
      "num_gt": 41,
      "num_pred": 39,
      "mean_iou_tp": 0.8725353022180938
    },
    "keyword": {
      "AP": 0.43564356435643564,
      "precision": 0.9090909090909091,
      "recall": 0.43478260869565216,
      "num_gt": 23,
      "num_pred": 11,
      "mean_iou_tp": 0.8767860213664269
    },
    "abstract": {
      "AP": 0.582036775106082,
      "precision": 0.7857142857142857,
      "recall": 0.6470588235294118,
      "num_gt": 17,
      "num_pred": 14,
      "mean_iou_tp": 0.9433018393348391
    },
    "reference": {
      "AP": 0.6161611981795772,
      "precision": 0.7959183673469388,
      "recall": 0.6610169491525424,
      "num_gt": 59,
      "num_pred": 49,
      "mean_iou_tp": 0.9098806292772661
    },
    "graph": {
      "AP": 0.8462791162661106,
      "precision": 0.802784222737819,
      "recall": 0.8815286624203822,
      "num_gt": 785,
      "num_pred": 862,
      "mean_iou_tp": 0.8954388109197028
    },
    "note": {
      "AP": 0.7157578767247832,
      "precision": 0.8192307692307692,
      "recall": 0.7634408602150538,
      "num_gt": 837,
      "num_pred": 780,
      "mean_iou_tp": 0.8973119038603308
    },
    "other": {
      "AP": 0.8444428075769937,
      "precision": 0.8342933097031457,
      "recall": 0.8794955628211116,
      "num_gt": 2141,
      "num_pred": 2257,
      "mean_iou_tp": 0.898400391131893
    },
    "formula": {
      "AP": 0.8236442677184481,
      "precision": 0.8161659513590844,
      "recall": 0.8402061855670103,
      "num_gt": 1358,
      "num_pred": 1398,
      "mean_iou_tp": 0.8958688740788823
    },
    "table": {
      "AP": 0.7662158234862331,
      "precision": 0.7549668874172185,
      "recall": 0.8085106382978723,
      "num_gt": 282,
      "num_pred": 302,
      "mean_iou_tp": 0.8962924542753112
    },
    "footnote": {
      "AP": 0.6280326068304559,
      "precision": 0.6310679611650486,
      "recall": 0.6701030927835051,
      "num_gt": 97,
      "num_pred": 103,
      "mean_iou_tp": 0.9029363061254382
    },
    "class17": {
      "AP": null,
      "precision": null,
      "recall": null,
      "num_gt": 0,
      "num_pred": 0,
      "mean_iou_tp": null
    }
  }
}