{
  "checkpoint": "runs/v4/best.pt",
  "val_images": 1161,
  "ap_iou": 0.5,
  "conf_threshold": 0.05,
  "nms_iou": 0.5,
  "mAP": 0.6619205063430965,
  "overall_mean_iou_tp": 0.9200025145884208,
  "per_class": {
    "t": {
      "AP": 0.6800742574257426,
      "precision": 0.75,
      "recall": 0.6818181818181818,
      "num_gt": 22,
      "num_pred": 20,
      "mean_iou_tp": 0.9266785996950606
    },
    "t1": {
      "AP": 0.7023811534421275,
      "precision": 0.8354430379746836,
      "recall": 0.7221006564551422,
      "num_gt": 457,
      "num_pred": 395,
      "mean_iou_tp": 0.9172342952574295
    },
    "t2": {
      "AP": 0.5942142955712246,
      "precision": 0.7534246575342466,
      "recall": 0.6344628695025234,
      "num_gt": 1387,
      "num_pred": 1168,
      "mean_iou_tp": 0.9116706680301242
    },
    "t3": {
      "AP": 0.0,
      "precision": 0.0,
      "recall": 0.0,
      "num_gt": 3,
      "num_pred": 0,
      "mean_iou_tp": null
    },
    "paragraph": {
      "AP": 0.8685198405214388,
      "precision": 0.8724727838258165,
      "recall": 0.8810099057743416,
      "num_gt": 8278,
      "num_pred": 8359,
      "mean_iou_tp": 0.9379901577922799
    },
    "author": {
      "AP": 0.7787953795379537,
      "precision": 0.8918918918918919,
      "recall": 0.8048780487804879,
      "num_gt": 41,
      "num_pred": 37,
      "mean_iou_tp": 0.8713120257473532
    },
    "keyword": {
      "AP": 0.42155369383092156,
      "precision": 0.7692307692307693,
      "recall": 0.43478260869565216,
      "num_gt": 23,
      "num_pred": 13,
      "mean_iou_tp": 0.9087925005877459
    },
    "abstract": {
      "AP": 0.5788271134805787,
      "precision": 0.6111111111111112,
      "recall": 0.6470588235294118,
      "num_gt": 17,
      "num_pred": 18,
      "mean_iou_tp": 0.9304102318494192
    },
    "reference": {
      "AP": 0.6457270820855529,
      "precision": 0.8297872340425532,
      "recall": 0.6610169491525424,
      "num_gt": 59,
      "num_pred": 47,
      "mean_iou_tp": 0.9081426606835239
    },
    "graph": {
      "AP": 0.8522771675480996,
      "precision": 0.7870159453302962,
      "recall": 0.8802547770700637,
      "num_gt": 785,
      "num_pred": 878,
      "mean_iou_tp": 0.8902903139617006
    },
    "note": {
      "AP": 0.7389869309914533,
      "precision": 0.8251572327044026,
      "recall": 0.7837514934289128,
      "num_gt": 837,
      "num_pred": 795,
      "mean_iou_tp": 0.8966237951753692
    },
    "other": {
      "AP": 0.8533198278864371,
      "precision": 0.8206568712186689,
      "recall": 0.8869687062120505,
      "num_gt": 2141,
      "num_pred": 2314,
      "mean_iou_tp": 0.8925734550436016
    },
    "formula": {
      "AP": 0.8203815443526153,
      "precision": 0.8153185397279885,
      "recall": 0.8387334315169367,
      "num_gt": 1358,
      "num_pred": 1397,
      "mean_iou_tp": 0.8965319233372158
    },
    "table": {
      "AP": 0.7469342825932138,
      "precision": 0.7849462365591398,
      "recall": 0.776595744680851,
      "num_gt": 282,
      "num_pred": 279,
      "mean_iou_tp": 0.8949266086743606
    },
    "footnote": {
      "AP": 0.646815025879088,
      "precision": 0.6804123711340206,
      "recall": 0.6804123711340206,
      "num_gt": 97,
      "num_pred": 97,
      "mean_iou_tp": 0.9080090501384716
    },
    "class17": {
      "AP": null,
      "precision": null,
      "recall": null,
      "num_gt": 0,
      "num_pred": 0,
      "mean_iou_tp": null
    }
  }
}